{
    "__comment": "Made with TheDestruc7i0n's advancements generator: https://advancements.thedestruc7i0n.ca",
    "display": {
        "title": {
            "text": "Winner",
            "color": "#D4AF37"
        },
        "description": {
            "text": "Win an auction",
            "color": "#32CD32"
        },
        "icon": {
            "item": "minecraft:enchanted_golden_apple"
        },
        "frame": "task",
        "show_toast": true,
        "announce_to_chat": true,
        "hidden": false
    },
    "criteria": {
        "c1": {
            "trigger": "minecraft:impossible"
        }
    },
    "parent": "economy_plus:auction_bid"
}
