{
    "__comment": "Made with TheDestruc7i0n's advancements generator: https://advancements.thedestruc7i0n.ca",
    "display": {
        "title": {
            "text": "Global Traveller",
            "color": "#D4AF37"
        },
        "description": {
            "text": "Use a teleport through /trigger travel",
            "color": "#32CD32"
        },
        "icon": {
            "item": "minecraft:ender_pearl"
        },
        "frame": "task",
        "show_toast": true,
        "announce_to_chat": true,
        "hidden": false
    },
    "criteria": {
        "c1": {
            "trigger": "minecraft:impossible"
        }
    },
    "parent": "economy_plus:root"
}
