{
	"type": "minecraft:item",
	"pools": [
		{
			"rolls": 1,
			"entries": [
				{
					"type": "minecraft:item",
					"name": "minecraft:warped_sign",
					"functions": [
						{
							"function": "minecraft:set_name",
							"name": {
								"text": "Warped Buy Sign",
								"italic": false,
								"color": "aqua"
							}
						},
						{
							"function": "minecraft:set_nbt",
							"tag": "{ctc: {id: 'buy_sign', untradable: 1b, from: 'ep:economy_plus'}}"
						},
						{
							"function": "minecraft:set_nbt",
							"tag": "{BlockEntityTag: {Text1: '[{\"text\": \"Shop \", \"color\": \"#7DD2B4\", \"clickEvent\": {\"action\": \"run_command\", \"value\": \"/function directory:buyer/init\"}},{\"text\":\"⋄ \",\"color\":\"#ffffff\"},{\"text\": \"Buy\", \"color\": \"#4F9BFF\"}]', Text2: '{\"text\": \"Item\", \"color\": \"#7CFC00\", \"underlined\": false}', Text3: '[{\"text\": \"Amount\", \"color\": \"#ffffff\"}]', Text4: '[{\"text\": \"Price\", \"color\": \"#FFD700\"}]'}}"
						}
					]
				}
			]
		}
	]
}
