{
    "__comment": "Made with TheDestruc7i0n's advancements generator: https://advancements.thedestruc7i0n.ca",
    "display": {
        "title": {
            "text": "Starting to Save",
            "color": "#D4AF37"
        },
        "description": {
            "text": "Earn $10000",
            "color": "#32CD32"
        },
        "icon": {
            "item": "minecraft:gold_ingot"
        },
        "frame": "task",
        "show_toast": true,
        "announce_to_chat": true,
        "hidden": false
    },
    "criteria": {
        "c1": {
            "trigger": "minecraft:impossible"
        }
    },
    "parent": "economy_plus:earn_1000"
}
