{
    "__comment": "Made with TheDestruc7i0n's advancements generator: https://advancements.thedestruc7i0n.ca",
    "display": {
        "title": {
            "text": "Millionaire!",
            "color": "#D4AF37"
        },
        "description": {
            "text": "Earn $1000000",
            "color": "#32CD32"
        },
        "icon": {
            "item": "minecraft:emerald_block"
        },
        "frame": "challenge",
        "show_toast": true,
        "announce_to_chat": true,
        "hidden": false
    },
    "criteria": {
        "c1": {
            "trigger": "minecraft:impossible"
        }
    },
    "parent": "economy_plus:earn_100000"
}
