{
	"type": "minecraft:item",
	"pools": [
		{
			"rolls": 1,
			"entries": [
				{
					"type": "minecraft:item",
					"name": "minecraft:acacia_sign",
					"functions": [
						{
							"function": "minecraft:set_name",
							"name": {
								"text": "Acacia Withdraw Sign",
								"color": "aqua",
								"italic": false
							}
						},
						{
							"function": "minecraft:set_nbt",
							"tag": "{ctc: {id: 'withdraw_sign', untradable: 1b, from: 'ep:economy_plus'}}"
						},
						{
							"function": "minecraft:set_nbt",
							"tag": "{BlockEntityTag: {Text1:'{\"text\":\"Bank\",\"color\":\"#D4AF37\",\"clickEvent\":{\"action\":\"run_command\",\"value\":\"/execute as @s at @s run function directory:player/command/withdraw/success\"}}',Text2:'{\"text\":\"⋄\",\"color\":\"#ffffff\"}',Text3:'{\"text\":\"Withdraw\",\"color\":\"#F0E68C\"}'}}"
						}
					]
				}
			]
		}
	]
}
