{
	"type": "minecraft:item",
	"pools": [
		{
			"rolls": 1,
			"entries": [
				{
					"type": "minecraft:item",
					"name": "minecraft:gold_nugget",
					"functions": [
						{
							"function": "minecraft:set_name",
							"name": {
								"text": "Gold Coin",
								"color": "#FFD700",
								"italic": false
							}
						},
						{
							"function": "minecraft:set_nbt",
							"tag": "{ctc: {id: 'gold_coin', from: 'ep:economy_plus', traits: ['market_coin']}}"
						}
					]
				}
			]
		}
	]
}
